<annotation>
  <folder>SpineMRNFS</folder>
  <filename>000025</filename>
  <path>C:\Users\han\Desktop\SpineMRNFS\000025.jpg</path>
  <source>
    <database>Unknown</database>
  </source>
  <size>
    <width>485</width>
    <height>512</height>
    <depth>1</depth>
  </size>
  <segmented>0</segmented>
  <object>
    <name>N0</name>
    <pose>Unspecified</pose>
    <truncated>0</truncated>
    <difficult>0</difficult>
    <bndbox>
      <xmin>278</xmin>
      <ymin>14</ymin>
      <xmax>321</xmax>
      <ymax>64</ymax>
    </bndbox>
  </object>
  <object>
    <name>N0</name>
    <pose>Unspecified</pose>
    <truncated>0</truncated>
    <difficult>0</difficult>
    <bndbox>
      <xmin>260</xmin>
      <ymin>92</ymin>
      <xmax>304</xmax>
      <ymax>150</ymax>
    </bndbox>
  </object>
  <object>
    <name>N0</name>
    <pose>Unspecified</pose>
    <truncated>0</truncated>
    <difficult>0</difficult>
    <bndbox>
      <xmin>238</xmin>
      <ymin>171</ymin>
      <xmax>280</xmax>
      <ymax>235</ymax>
    </bndbox>
  </object>
  <object>
    <name>N0</name>
    <pose>Unspecified</pose>
    <truncated>0</truncated>
    <difficult>0</difficult>
    <bndbox>
      <xmin>220</xmin>
      <ymin>255</ymin>
      <xmax>259</xmax>
      <ymax>319</ymax>
    </bndbox>
  </object>
  <object>
    <name>N0</name>
    <pose>Unspecified</pose>
    <truncated>0</truncated>
    <difficult>0</difficult>
    <bndbox>
      <xmin>214</xmin>
      <ymin>342</ymin>
      <xmax>251</xmax>
      <ymax>390</ymax>
    </bndbox>
  </object>
  <object>
    <name>N1</name>
    <pose>Unspecified</pose>
    <truncated>0</truncated>
    <difficult>0</difficult>
    <bndbox>
      <xmin>226</xmin>
      <ymin>411</ymin>
      <xmax>272</xmax>
      <ymax>458</ymax>
    </bndbox>
  </object>
  <object>
    <name>D0</name>
    <pose>Unspecified</pose>
    <truncated>0</truncated>
    <difficult>0</difficult>
    <bndbox>
      <xmin>223</xmin>
      <ymin>25</ymin>
      <xmax>291</xmax>
      <ymax>59</ymax>
    </bndbox>
  </object>
  <object>
    <name>D0</name>
    <pose>Unspecified</pose>
    <truncated>0</truncated>
    <difficult>0</difficult>
    <bndbox>
      <xmin>199</xmin>
      <ymin>104</ymin>
      <xmax>269</xmax>
      <ymax>140</ymax>
    </bndbox>
  </object>
  <object>
    <name>D0</name>
    <pose>Unspecified</pose>
    <truncated>0</truncated>
    <difficult>0</difficult>
    <bndbox>
      <xmin>173</xmin>
      <ymin>192</ymin>
      <xmax>246</xmax>
      <ymax>226</ymax>
    </bndbox>
  </object>
  <object>
    <name>D0</name>
    <pose>Unspecified</pose>
    <truncated>0</truncated>
    <difficult>0</difficult>
    <bndbox>
      <xmin>154</xmin>
      <ymin>283</ymin>
      <xmax>232</xmax>
      <ymax>315</ymax>
    </bndbox>
  </object>
  <object>
    <name>D0</name>
    <pose>Unspecified</pose>
    <truncated>0</truncated>
    <difficult>0</difficult>
    <bndbox>
      <xmin>155</xmin>
      <ymin>374</ymin>
      <xmax>229</xmax>
      <ymax>414</ymax>
    </bndbox>
  </object>
  <object>
    <name>D1</name>
    <pose>Unspecified</pose>
    <truncated>0</truncated>
    <difficult>0</difficult>
    <bndbox>
      <xmin>179</xmin>
      <ymin>442</ymin>
      <xmax>247</xmax>
      <ymax>503</ymax>
    </bndbox>
  </object>
  <object>
    <name>V0</name>
    <pose>Unspecified</pose>
    <truncated>0</truncated>
    <difficult>0</difficult>
    <bndbox>
      <xmin>211</xmin>
      <ymin>47</ymin>
      <xmax>286</xmax>
      <ymax>116</ymax>
    </bndbox>
  </object>
  <object>
    <name>V0</name>
    <pose>Unspecified</pose>
    <truncated>0</truncated>
    <difficult>0</difficult>
    <bndbox>
      <xmin>179</xmin>
      <ymin>124</ymin>
      <xmax>261</xmax>
      <ymax>195</ymax>
    </bndbox>
  </object>
  <object>
    <name>V0</name>
    <pose>Unspecified</pose>
    <truncated>0</truncated>
    <difficult>0</difficult>
    <bndbox>
      <xmin>158</xmin>
      <ymin>215</ymin>
      <xmax>239</xmax>
      <ymax>286</ymax>
    </bndbox>
  </object>
  <object>
    <name>V0</name>
    <pose>Unspecified</pose>
    <truncated>0</truncated>
    <difficult>0</difficult>
    <bndbox>
      <xmin>150</xmin>
      <ymin>311</ymin>
      <xmax>231</xmax>
      <ymax>385</ymax>
    </bndbox>
  </object>
  <object>
    <name>V1</name>
    <pose>Unspecified</pose>
    <truncated>0</truncated>
    <difficult>0</difficult>
    <bndbox>
      <xmin>159</xmin>
      <ymin>392</ymin>
      <xmax>235</xmax>
      <ymax>479</ymax>
    </bndbox>
  </object>
</annotation>
