<annotation>
  <folder>SpineMRNFS</folder>
  <filename>000112</filename>
  <path>C:\Users\han\Desktop\SpineMRNFS\000112.jpg</path>
  <source>
    <database>Unknown</database>
  </source>
  <size>
    <width>462</width>
    <height>462</height>
    <depth>1</depth>
  </size>
  <segmented>0</segmented>
  <object>
    <name>N0</name>
    <pose>Unspecified</pose>
    <truncated>0</truncated>
    <difficult>0</difficult>
    <bndbox>
      <xmin>277</xmin>
      <ymin>31</ymin>
      <xmax>312</xmax>
      <ymax>90</ymax>
    </bndbox>
  </object>
  <object>
    <name>N1</name>
    <pose>Unspecified</pose>
    <truncated>0</truncated>
    <difficult>0</difficult>
    <bndbox>
      <xmin>249</xmin>
      <ymin>138</ymin>
      <xmax>296</xmax>
      <ymax>197</ymax>
    </bndbox>
  </object>
  <object>
    <name>N1</name>
    <pose>Unspecified</pose>
    <truncated>0</truncated>
    <difficult>0</difficult>
    <bndbox>
      <xmin>232</xmin>
      <ymin>232</ymin>
      <xmax>274</xmax>
      <ymax>299</ymax>
    </bndbox>
  </object>
  <object>
    <name>N2</name>
    <pose>Unspecified</pose>
    <truncated>0</truncated>
    <difficult>0</difficult>
    <bndbox>
      <xmin>221</xmin>
      <ymin>342</ymin>
      <xmax>262</xmax>
      <ymax>382</ymax>
    </bndbox>
  </object>
  <object>
    <name>D0</name>
    <pose>Unspecified</pose>
    <truncated>0</truncated>
    <difficult>0</difficult>
    <bndbox>
      <xmin>158</xmin>
      <ymin>60</ymin>
      <xmax>276</xmax>
      <ymax>95</ymax>
    </bndbox>
  </object>
  <object>
    <name>D0</name>
    <pose>Unspecified</pose>
    <truncated>0</truncated>
    <difficult>0</difficult>
    <bndbox>
      <xmin>130</xmin>
      <ymin>171</ymin>
      <xmax>256</xmax>
      <ymax>207</ymax>
    </bndbox>
  </object>
  <object>
    <name>D0</name>
    <pose>Unspecified</pose>
    <truncated>0</truncated>
    <difficult>0</difficult>
    <bndbox>
      <xmin>127</xmin>
      <ymin>283</ymin>
      <xmax>252</xmax>
      <ymax>335</ymax>
    </bndbox>
  </object>
  <object>
    <name>D0</name>
    <pose>Unspecified</pose>
    <truncated>0</truncated>
    <difficult>0</difficult>
    <bndbox>
      <xmin>153</xmin>
      <ymin>378</ymin>
      <xmax>259</xmax>
      <ymax>456</ymax>
    </bndbox>
  </object>
  <object>
    <name>V0</name>
    <pose>Unspecified</pose>
    <truncated>0</truncated>
    <difficult>0</difficult>
    <bndbox>
      <xmin>146</xmin>
      <ymin>85</ymin>
      <xmax>268</xmax>
      <ymax>175</ymax>
    </bndbox>
  </object>
  <object>
    <name>V0</name>
    <pose>Unspecified</pose>
    <truncated>0</truncated>
    <difficult>0</difficult>
    <bndbox>
      <xmin>131</xmin>
      <ymin>201</ymin>
      <xmax>255</xmax>
      <ymax>295</ymax>
    </bndbox>
  </object>
  <object>
    <name>V1</name>
    <pose>Unspecified</pose>
    <truncated>0</truncated>
    <difficult>0</difficult>
    <bndbox>
      <xmin>136</xmin>
      <ymin>314</ymin>
      <xmax>247</xmax>
      <ymax>428</ymax>
    </bndbox>
  </object>
</annotation>
