<annotation>
  <folder>SpineMRNFS</folder>
  <filename>000154</filename>
  <path>C:\Users\han\Desktop\SpineMRNFS\000154.jpg</path>
  <source>
    <database>Unknown</database>
  </source>
  <size>
    <width>512</width>
    <height>512</height>
    <depth>1</depth>
  </size>
  <segmented>0</segmented>
  <object>
    <name>N0</name>
    <pose>Unspecified</pose>
    <truncated>0</truncated>
    <difficult>0</difficult>
    <bndbox>
      <xmin>372</xmin>
      <ymin>25</ymin>
      <xmax>401</xmax>
      <ymax>79</ymax>
    </bndbox>
  </object>
  <object>
    <name>N1</name>
    <pose>Unspecified</pose>
    <truncated>0</truncated>
    <difficult>0</difficult>
    <bndbox>
      <xmin>351</xmin>
      <ymin>121</ymin>
      <xmax>381</xmax>
      <ymax>183</ymax>
    </bndbox>
  </object>
  <object>
    <name>N1</name>
    <pose>Unspecified</pose>
    <truncated>0</truncated>
    <difficult>0</difficult>
    <bndbox>
      <xmin>326</xmin>
      <ymin>219</ymin>
      <xmax>350</xmax>
      <ymax>267</ymax>
    </bndbox>
  </object>
  <object>
    <name>N1</name>
    <pose>Unspecified</pose>
    <truncated>0</truncated>
    <difficult>0</difficult>
    <bndbox>
      <xmin>306</xmin>
      <ymin>310</ymin>
      <xmax>333</xmax>
      <ymax>375</ymax>
    </bndbox>
  </object>
  <object>
    <name>N1</name>
    <pose>Unspecified</pose>
    <truncated>0</truncated>
    <difficult>0</difficult>
    <bndbox>
      <xmin>306</xmin>
      <ymin>400</ymin>
      <xmax>337</xmax>
      <ymax>452</ymax>
    </bndbox>
  </object>
  <object>
    <name>V0</name>
    <pose>Unspecified</pose>
    <truncated>0</truncated>
    <difficult>0</difficult>
    <bndbox>
      <xmin>246</xmin>
      <ymin>53</ymin>
      <xmax>373</xmax>
      <ymax>154</ymax>
    </bndbox>
  </object>
  <object>
    <name>V0</name>
    <pose>Unspecified</pose>
    <truncated>0</truncated>
    <difficult>0</difficult>
    <bndbox>
      <xmin>209</xmin>
      <ymin>152</ymin>
      <xmax>342</xmax>
      <ymax>256</ymax>
    </bndbox>
  </object>
  <object>
    <name>V0</name>
    <pose>Unspecified</pose>
    <truncated>0</truncated>
    <difficult>0</difficult>
    <bndbox>
      <xmin>199</xmin>
      <ymin>261</ymin>
      <xmax>317</xmax>
      <ymax>360</ymax>
    </bndbox>
  </object>
  <object>
    <name>V1</name>
    <pose>Unspecified</pose>
    <truncated>0</truncated>
    <difficult>0</difficult>
    <bndbox>
      <xmin>219</xmin>
      <ymin>369</ymin>
      <xmax>324</xmax>
      <ymax>476</ymax>
    </bndbox>
  </object>
  <object>
    <name>D0</name>
    <pose>Unspecified</pose>
    <truncated>0</truncated>
    <difficult>0</difficult>
    <bndbox>
      <xmin>269</xmin>
      <ymin>37</ymin>
      <xmax>374</xmax>
      <ymax>75</ymax>
    </bndbox>
  </object>
  <object>
    <name>D0</name>
    <pose>Unspecified</pose>
    <truncated>0</truncated>
    <difficult>0</difficult>
    <bndbox>
      <xmin>231</xmin>
      <ymin>128</ymin>
      <xmax>347</xmax>
      <ymax>173</ymax>
    </bndbox>
  </object>
  <object>
    <name>D0</name>
    <pose>Unspecified</pose>
    <truncated>0</truncated>
    <difficult>0</difficult>
    <bndbox>
      <xmin>208</xmin>
      <ymin>234</ymin>
      <xmax>322</xmax>
      <ymax>270</ymax>
    </bndbox>
  </object>
  <object>
    <name>D0</name>
    <pose>Unspecified</pose>
    <truncated>0</truncated>
    <difficult>0</difficult>
    <bndbox>
      <xmin>203</xmin>
      <ymin>346</ymin>
      <xmax>314</xmax>
      <ymax>383</ymax>
    </bndbox>
  </object>
  <object>
    <name>D1</name>
    <pose>Unspecified</pose>
    <truncated>0</truncated>
    <difficult>0</difficult>
    <bndbox>
      <xmin>231</xmin>
      <ymin>439</ymin>
      <xmax>320</xmax>
      <ymax>496</ymax>
    </bndbox>
  </object>
</annotation>
