<annotation>
  <folder>SpineMRNFS</folder>
  <filename>000139</filename>
  <path>C:\Users\han\Desktop\SpineMRNFS\000139.jpg</path>
  <source>
    <database>Unknown</database>
  </source>
  <size>
    <width>512</width>
    <height>512</height>
    <depth>1</depth>
  </size>
  <segmented>0</segmented>
  <object>
    <name>N0</name>
    <pose>Unspecified</pose>
    <truncated>0</truncated>
    <difficult>0</difficult>
    <bndbox>
      <xmin>345</xmin>
      <ymin>34</ymin>
      <xmax>383</xmax>
      <ymax>89</ymax>
    </bndbox>
  </object>
  <object>
    <name>N0</name>
    <pose>Unspecified</pose>
    <truncated>0</truncated>
    <difficult>0</difficult>
    <bndbox>
      <xmin>322</xmin>
      <ymin>124</ymin>
      <xmax>355</xmax>
      <ymax>191</ymax>
    </bndbox>
  </object>
  <object>
    <name>N0</name>
    <pose>Unspecified</pose>
    <truncated>0</truncated>
    <difficult>0</difficult>
    <bndbox>
      <xmin>302</xmin>
      <ymin>224</ymin>
      <xmax>329</xmax>
      <ymax>286</ymax>
    </bndbox>
  </object>
  <object>
    <name>N1</name>
    <pose>Unspecified</pose>
    <truncated>0</truncated>
    <difficult>0</difficult>
    <bndbox>
      <xmin>289</xmin>
      <ymin>318</ymin>
      <xmax>316</xmax>
      <ymax>373</ymax>
    </bndbox>
  </object>
  <object>
    <name>N1</name>
    <pose>Unspecified</pose>
    <truncated>0</truncated>
    <difficult>0</difficult>
    <bndbox>
      <xmin>306</xmin>
      <ymin>403</ymin>
      <xmax>339</xmax>
      <ymax>458</ymax>
    </bndbox>
  </object>
  <object>
    <name>V0</name>
    <pose>Unspecified</pose>
    <truncated>0</truncated>
    <difficult>0</difficult>
    <bndbox>
      <xmin>241</xmin>
      <ymin>66</ymin>
      <xmax>350</xmax>
      <ymax>158</ymax>
    </bndbox>
  </object>
  <object>
    <name>V0</name>
    <pose>Unspecified</pose>
    <truncated>0</truncated>
    <difficult>0</difficult>
    <bndbox>
      <xmin>217</xmin>
      <ymin>166</ymin>
      <xmax>326</xmax>
      <ymax>258</ymax>
    </bndbox>
  </object>
  <object>
    <name>V0</name>
    <pose>Unspecified</pose>
    <truncated>0</truncated>
    <difficult>0</difficult>
    <bndbox>
      <xmin>209</xmin>
      <ymin>273</ymin>
      <xmax>307</xmax>
      <ymax>367</ymax>
    </bndbox>
  </object>
  <object>
    <name>V1</name>
    <pose>Unspecified</pose>
    <truncated>0</truncated>
    <difficult>0</difficult>
    <bndbox>
      <xmin>214</xmin>
      <ymin>373</ymin>
      <xmax>322</xmax>
      <ymax>478</ymax>
    </bndbox>
  </object>
  <object>
    <name>D0</name>
    <pose>Unspecified</pose>
    <truncated>0</truncated>
    <difficult>0</difficult>
    <bndbox>
      <xmin>257</xmin>
      <ymin>45</ymin>
      <xmax>348</xmax>
      <ymax>81</ymax>
    </bndbox>
  </object>
  <object>
    <name>D0</name>
    <pose>Unspecified</pose>
    <truncated>0</truncated>
    <difficult>0</difficult>
    <bndbox>
      <xmin>234</xmin>
      <ymin>143</ymin>
      <xmax>326</xmax>
      <ymax>183</ymax>
    </bndbox>
  </object>
  <object>
    <name>D0</name>
    <pose>Unspecified</pose>
    <truncated>0</truncated>
    <difficult>0</difficult>
    <bndbox>
      <xmin>211</xmin>
      <ymin>247</ymin>
      <xmax>302</xmax>
      <ymax>281</ymax>
    </bndbox>
  </object>
  <object>
    <name>D0</name>
    <pose>Unspecified</pose>
    <truncated>0</truncated>
    <difficult>0</difficult>
    <bndbox>
      <xmin>211</xmin>
      <ymin>347</ymin>
      <xmax>302</xmax>
      <ymax>392</ymax>
    </bndbox>
  </object>
  <object>
    <name>D1</name>
    <pose>Unspecified</pose>
    <truncated>0</truncated>
    <difficult>0</difficult>
    <bndbox>
      <xmin>260</xmin>
      <ymin>444</ymin>
      <xmax>323</xmax>
      <ymax>500</ymax>
    </bndbox>
  </object>
</annotation>
