<annotation>
  <folder>SpineMRNFS</folder>
  <filename>000129</filename>
  <path>C:\Users\han\Desktop\SpineMRNFS\000129.jpg</path>
  <source>
    <database>Unknown</database>
  </source>
  <size>
    <width>511</width>
    <height>512</height>
    <depth>1</depth>
  </size>
  <segmented>0</segmented>
  <object>
    <name>N0</name>
    <pose>Unspecified</pose>
    <truncated>0</truncated>
    <difficult>0</difficult>
    <bndbox>
      <xmin>351</xmin>
      <ymin>10</ymin>
      <xmax>382</xmax>
      <ymax>62</ymax>
    </bndbox>
  </object>
  <object>
    <name>N0</name>
    <pose>Unspecified</pose>
    <truncated>0</truncated>
    <difficult>0</difficult>
    <bndbox>
      <xmin>329</xmin>
      <ymin>90</ymin>
      <xmax>364</xmax>
      <ymax>151</ymax>
    </bndbox>
  </object>
  <object>
    <name>N0</name>
    <pose>Unspecified</pose>
    <truncated>0</truncated>
    <difficult>0</difficult>
    <bndbox>
      <xmin>309</xmin>
      <ymin>175</ymin>
      <xmax>345</xmax>
      <ymax>239</ymax>
    </bndbox>
  </object>
  <object>
    <name>N0</name>
    <pose>Unspecified</pose>
    <truncated>0</truncated>
    <difficult>0</difficult>
    <bndbox>
      <xmin>299</xmin>
      <ymin>262</ymin>
      <xmax>330</xmax>
      <ymax>322</ymax>
    </bndbox>
  </object>
  <object>
    <name>N1</name>
    <pose>Unspecified</pose>
    <truncated>0</truncated>
    <difficult>0</difficult>
    <bndbox>
      <xmin>294</xmin>
      <ymin>345</ymin>
      <xmax>323</xmax>
      <ymax>408</ymax>
    </bndbox>
  </object>
  <object>
    <name>N1</name>
    <pose>Unspecified</pose>
    <truncated>0</truncated>
    <difficult>0</difficult>
    <bndbox>
      <xmin>307</xmin>
      <ymin>421</ymin>
      <xmax>356</xmax>
      <ymax>477</ymax>
    </bndbox>
  </object>
  <object>
    <name>V0</name>
    <pose>Unspecified</pose>
    <truncated>0</truncated>
    <difficult>0</difficult>
    <bndbox>
      <xmin>263</xmin>
      <ymin>42</ymin>
      <xmax>354</xmax>
      <ymax>119</ymax>
    </bndbox>
  </object>
  <object>
    <name>V0</name>
    <pose>Unspecified</pose>
    <truncated>0</truncated>
    <difficult>0</difficult>
    <bndbox>
      <xmin>239</xmin>
      <ymin>122</ymin>
      <xmax>330</xmax>
      <ymax>205</ymax>
    </bndbox>
  </object>
  <object>
    <name>V0</name>
    <pose>Unspecified</pose>
    <truncated>0</truncated>
    <difficult>0</difficult>
    <bndbox>
      <xmin>223</xmin>
      <ymin>215</ymin>
      <xmax>312</xmax>
      <ymax>296</ymax>
    </bndbox>
  </object>
  <object>
    <name>V0</name>
    <pose>Unspecified</pose>
    <truncated>0</truncated>
    <difficult>0</difficult>
    <bndbox>
      <xmin>218</xmin>
      <ymin>308</ymin>
      <xmax>304</xmax>
      <ymax>394</ymax>
    </bndbox>
  </object>
  <object>
    <name>V0</name>
    <pose>Unspecified</pose>
    <truncated>0</truncated>
    <difficult>0</difficult>
    <bndbox>
      <xmin>234</xmin>
      <ymin>397</ymin>
      <xmax>325</xmax>
      <ymax>486</ymax>
    </bndbox>
  </object>
  <object>
    <name>D1</name>
    <pose>Unspecified</pose>
    <truncated>0</truncated>
    <difficult>0</difficult>
    <bndbox>
      <xmin>267</xmin>
      <ymin>25</ymin>
      <xmax>355</xmax>
      <ymax>57</ymax>
    </bndbox>
  </object>
  <object>
    <name>D0</name>
    <pose>Unspecified</pose>
    <truncated>0</truncated>
    <difficult>0</difficult>
    <bndbox>
      <xmin>252</xmin>
      <ymin>104</ymin>
      <xmax>337</xmax>
      <ymax>139</ymax>
    </bndbox>
  </object>
  <object>
    <name>D0</name>
    <pose>Unspecified</pose>
    <truncated>0</truncated>
    <difficult>0</difficult>
    <bndbox>
      <xmin>232</xmin>
      <ymin>188</ymin>
      <xmax>316</xmax>
      <ymax>229</ymax>
    </bndbox>
  </object>
  <object>
    <name>D0</name>
    <pose>Unspecified</pose>
    <truncated>0</truncated>
    <difficult>0</difficult>
    <bndbox>
      <xmin>218</xmin>
      <ymin>289</ymin>
      <xmax>303</xmax>
      <ymax>321</ymax>
    </bndbox>
  </object>
  <object>
    <name>D0</name>
    <pose>Unspecified</pose>
    <truncated>0</truncated>
    <difficult>0</difficult>
    <bndbox>
      <xmin>220</xmin>
      <ymin>374</ymin>
      <xmax>305</xmax>
      <ymax>426</ymax>
    </bndbox>
  </object>
  <object>
    <name>D1</name>
    <pose>Unspecified</pose>
    <truncated>0</truncated>
    <difficult>0</difficult>
    <bndbox>
      <xmin>262</xmin>
      <ymin>453</ymin>
      <xmax>330</xmax>
      <ymax>510</ymax>
    </bndbox>
  </object>
</annotation>
