<annotation>
  <folder>SpineMRNFS</folder>
  <filename>000144</filename>
  <path>C:\Users\han\Desktop\SpineMRNFS\000144.jpg</path>
  <source>
    <database>Unknown</database>
  </source>
  <size>
    <width>512</width>
    <height>512</height>
    <depth>1</depth>
  </size>
  <segmented>0</segmented>
  <object>
    <name>N0</name>
    <pose>Unspecified</pose>
    <truncated>0</truncated>
    <difficult>0</difficult>
    <bndbox>
      <xmin>379</xmin>
      <ymin>15</ymin>
      <xmax>413</xmax>
      <ymax>66</ymax>
    </bndbox>
  </object>
  <object>
    <name>N0</name>
    <pose>Unspecified</pose>
    <truncated>0</truncated>
    <difficult>0</difficult>
    <bndbox>
      <xmin>358</xmin>
      <ymin>89</ymin>
      <xmax>400</xmax>
      <ymax>150</ymax>
    </bndbox>
  </object>
  <object>
    <name>N0</name>
    <pose>Unspecified</pose>
    <truncated>0</truncated>
    <difficult>0</difficult>
    <bndbox>
      <xmin>347</xmin>
      <ymin>172</ymin>
      <xmax>374</xmax>
      <ymax>235</ymax>
    </bndbox>
  </object>
  <object>
    <name>N2</name>
    <pose>Unspecified</pose>
    <truncated>0</truncated>
    <difficult>0</difficult>
    <bndbox>
      <xmin>334</xmin>
      <ymin>255</ymin>
      <xmax>366</xmax>
      <ymax>319</ymax>
    </bndbox>
  </object>
  <object>
    <name>N3</name>
    <pose>Unspecified</pose>
    <truncated>0</truncated>
    <difficult>0</difficult>
    <bndbox>
      <xmin>343</xmin>
      <ymin>340</ymin>
      <xmax>372</xmax>
      <ymax>367</ymax>
    </bndbox>
  </object>
  <object>
    <name>V0</name>
    <pose>Unspecified</pose>
    <truncated>0</truncated>
    <difficult>0</difficult>
    <bndbox>
      <xmin>285</xmin>
      <ymin>42</ymin>
      <xmax>375</xmax>
      <ymax>117</ymax>
    </bndbox>
  </object>
  <object>
    <name>V0</name>
    <pose>Unspecified</pose>
    <truncated>0</truncated>
    <difficult>0</difficult>
    <bndbox>
      <xmin>263</xmin>
      <ymin>123</ymin>
      <xmax>360</xmax>
      <ymax>201</ymax>
    </bndbox>
  </object>
  <object>
    <name>V0</name>
    <pose>Unspecified</pose>
    <truncated>0</truncated>
    <difficult>0</difficult>
    <bndbox>
      <xmin>251</xmin>
      <ymin>216</ymin>
      <xmax>352</xmax>
      <ymax>299</ymax>
    </bndbox>
  </object>
  <object>
    <name>V0</name>
    <pose>Unspecified</pose>
    <truncated>0</truncated>
    <difficult>0</difficult>
    <bndbox>
      <xmin>247</xmin>
      <ymin>306</ymin>
      <xmax>350</xmax>
      <ymax>406</ymax>
    </bndbox>
  </object>
  <object>
    <name>V1</name>
    <pose>Unspecified</pose>
    <truncated>0</truncated>
    <difficult>0</difficult>
    <bndbox>
      <xmin>297</xmin>
      <ymin>381</ymin>
      <xmax>399</xmax>
      <ymax>479</ymax>
    </bndbox>
  </object>
  <object>
    <name>D0</name>
    <pose>Unspecified</pose>
    <truncated>0</truncated>
    <difficult>0</difficult>
    <bndbox>
      <xmin>295</xmin>
      <ymin>28</ymin>
      <xmax>379</xmax>
      <ymax>56</ymax>
    </bndbox>
  </object>
  <object>
    <name>D0</name>
    <pose>Unspecified</pose>
    <truncated>0</truncated>
    <difficult>0</difficult>
    <bndbox>
      <xmin>282</xmin>
      <ymin>107</ymin>
      <xmax>366</xmax>
      <ymax>139</ymax>
    </bndbox>
  </object>
  <object>
    <name>D0</name>
    <pose>Unspecified</pose>
    <truncated>0</truncated>
    <difficult>0</difficult>
    <bndbox>
      <xmin>262</xmin>
      <ymin>195</ymin>
      <xmax>350</xmax>
      <ymax>226</ymax>
    </bndbox>
  </object>
  <object>
    <name>D0</name>
    <pose>Unspecified</pose>
    <truncated>0</truncated>
    <difficult>0</difficult>
    <bndbox>
      <xmin>248</xmin>
      <ymin>286</ymin>
      <xmax>343</xmax>
      <ymax>327</ymax>
    </bndbox>
  </object>
  <object>
    <name>D1</name>
    <pose>Unspecified</pose>
    <truncated>0</truncated>
    <difficult>0</difficult>
    <bndbox>
      <xmin>285</xmin>
      <ymin>364</ymin>
      <xmax>367</xmax>
      <ymax>432</ymax>
    </bndbox>
  </object>
  <object>
    <name>D1</name>
    <pose>Unspecified</pose>
    <truncated>0</truncated>
    <difficult>0</difficult>
    <bndbox>
      <xmin>339</xmin>
      <ymin>430</ymin>
      <xmax>404</xmax>
      <ymax>501</ymax>
    </bndbox>
  </object>
</annotation>
